word,count
cat,22
laptop,16
russia,14
computer,7
use,7
first,4
human,4
size,4
design,4
desktop,4
world,3
one,3
time,3
three,3
include,3
language,3
screen,3
usually,3
hour,3
largest,2
country,2
occupies,2
land,2
two,2
giant,2
much,2
call,2
forest,2
river,2
powerful,2
speak,2
specie,2
take,2
place,2
area,2
animal,2
kilogram,2
around,2
drive,2
integrate,2
weight,2
depend,2
component,2
typically,2
inch,2
port,2
although,2
may,2
less,2
release,2
almost,2
grid,2
touch,2
love,2
milk,2
jump,2
whisker,2
catnip,2
tenth,1
earth,1
span,1
zone,1
across,1
continent,1
europe,1
asia,1
coast,1
ocean,1
atlantic,1
pacific,1
arctic,1
russian,1
landscape,1
varies,1
desert,1
frozen,1
coastline,1
tall,1
mountain,1
marsh,1
make,1
roll,1
treeless,1
plain,1
steppe,1
siberia,1
quarter,1
dominate,1
sprawl,1
pine,1
taigas,1
longest,1
ethnic,1
group,1
hundred,1
big,1
surprise,1
home,1
large,1
number,1
